parcel_id,split,systeme,label,area_ha,B02_mean,B02_std,B03_mean,B03_std,B04_mean,B04_std,B08_mean,B08_std,B11_mean,B11_std,ndvi_mean,ndvi_std,ndvi_p25,ndvi_p75,ndwi_mean,ndwi_std,ndwi_p25,ndwi_p75,ndre_mean,ndre_std,ndre_p25,ndre_p75,glcm_contrast,glcm_homogeneity,nir_red_ratio
parcel_1777662049508_exj14,val,intensif,1,74.01179995745333,764.262939453125,102.52910614013672,1092.798583984375,124.12029266357422,1257.67333984375,145.65853881835938,3093.320068359375,150.85739135742188,3239.977294921875,139.7312469482422,0.4225841164588928,0.05342972278594971,0.40317732095718384,0.45667868852615356,-0.478441059589386,0.047253694385290146,-0.5092296600341797,-0.4606033265590668,-0.023285603150725365,0.0323522686958313,-0.03813495486974716,-0.0019868945237249136,757.0135210638061,0.6271199856545521,2.490029811859131
parcel_1777662108262_dhxlg,val,intensif,1,370.10213776960774,593.6452026367188,87.7466049194336,871.02978515625,102.62931823730469,945.4617309570312,150.90182495117188,3038.97412109375,149.66903686523438,2733.75439453125,174.8177032470703,0.5261768698692322,0.06297852843999863,0.505609393119812,0.5638636946678162,-0.5544453263282776,0.04650573432445526,-0.58091801404953,-0.5413480401039124,0.0530724860727787,0.046165455132722855,0.028714550659060478,0.08381099998950958,740.0419540476089,0.5302459255156493,3.2845358848571777
parcel_1777662148660_qey6r,val,intensif,1,140.24199355289807,643.2586669921875,104.41998291015625,948.4833984375,135.5627899169922,1075.3939208984375,194.50135803222656,2879.31787109375,113.9618911743164,2856.793701171875,206.1943817138672,0.4589795172214508,0.06697822362184525,0.42145177721977234,0.5079835653305054,-0.505898654460907,0.048658888787031174,-0.5394665002822876,-0.48143211007118225,0.004794130101799965,0.038690343499183655,-0.022404450923204422,0.03466467559337616,923.2806400000001,0.4922848518700228,2.748441696166992
parcel_1777662294718_3mzv8,test,intensif,1,189.62078452448955,847.8564453125,265.70263671875,1159.4964599609375,336.30194091796875,1370.9022216796875,509.7010192871094,3343.37255859375,277.3040466308594,3369.386474609375,700.0123901367188,0.43355128169059753,0.12816566228866577,0.35618430376052856,0.5317279100418091,-0.49285170435905457,0.08984196186065674,-0.5623618364334106,-0.4323805570602417,0.004413786809891462,0.09627184271812439,-0.05789957195520401,0.07138242572546005,757.4091627550531,0.6034518989787482,2.717118740081787
parcel_1777662316778_yiudt,test,intensif,1,38.67454215888897,753.4400634765625,95.2957763671875,1019.38671875,124.41521453857422,1187.35791015625,178.04873657226562,3074.4736328125,126.63965606689453,3225.609130859375,247.50205993652344,0.44501855969429016,0.053805526345968246,0.4146239757537842,0.48167937994003296,-0.5032604336738586,0.0382595919072628,-0.528748095035553,-0.4833104610443115,-0.02293837070465088,0.040547437965869904,-0.049451105296611786,0.006908331532031298,1192.6448855803696,0.5224542065642702,2.636265516281128
parcel_1777662471199_933e1,train,intensif,1,81.67683945399635,579.3433227539062,181.88665771484375,879.3002319335938,247.515625,982.3472900390625,365.39166259765625,2726.646728515625,278.8204040527344,2372.7236328125,400.484130859375,0.48292505741119385,0.08287488669157028,0.4503840208053589,0.5343831777572632,-0.5190917253494263,0.05454735457897186,-0.5521227717399597,-0.49934080243110657,0.0732743889093399,0.05061753839254379,0.04565974324941635,0.1056184321641922,1324.4837365591397,0.544235059448398,2.9558026790618896
parcel_1777662498867_hce6r,train,intensif,1,58.29151952127791,1064.51611328125,565.9248046875,1601.3861083984375,817.35498046875,2136.34228515625,1298.84326171875,3635.47607421875,778.9116821289062,3846.2578125,1561.857666015625,0.3335702419281006,0.21381480991840363,0.12037527561187744,0.5416122078895569,-0.4292012155056,0.14038057625293732,-0.5674958825111389,-0.29481756687164307,0.004809744656085968,0.11754780262708664,-0.10936332494020462,0.10520356148481369,527.1623023866202,0.18800968274474533,2.390927314758301
parcel_1777662509830_ph4tb,train,intensif,1,8.74310119685055,862.3250732421875,469.3641662597656,1303.4998779296875,674.4277954101562,1658.8560791015625,1077.082763671875,3290.2626953125,683.5625610351562,3240.446533203125,1256.6539306640625,0.3886653184890747,0.17427049577236176,0.18361002206802368,0.5223961472511292,-0.46409815549850464,0.11375352740287781,-0.5529097318649292,-0.32479164004325867,0.03063272126019001,0.09254627674818039,-0.045771144330501556,0.09978201985359192,719.9685022265669,0.18077298554165105,2.5322630405426025
parcel_1777662532453_yoau8,train,intensif,1,35.54726370316011,940.1168212890625,475.0116882324219,1420.2391357421875,676.7565307617188,1854.7652587890625,1082.4530029296875,3346.93017578125,708.8038330078125,3537.544677734375,1281.3240966796875,0.3408573269844055,0.16472603380680084,0.1367097944021225,0.4785464406013489,-0.4333255887031555,0.10620297491550446,-0.5202031135559082,-0.30974021553993225,-0.007053009700030088,0.08814770728349686,-0.09362626820802689,0.06084619089961052,737.0310307188524,0.16620055854175936,2.2266461849212646
parcel_1777662559509_oh30t,train,intensif,1,27.05542478094186,1142.6065673828125,563.1981201171875,1710.6304931640625,795.614990234375,2291.632568359375,1231.0645751953125,3630.259765625,892.4791259765625,4077.369384765625,1404.3792724609375,0.2798513174057007,0.1574937254190445,0.11737804859876633,0.42385149002075195,-0.3908870816230774,0.10439162701368332,-0.4863910973072052,-0.28615814447402954,-0.04153114929795265,0.07418514043092728,-0.10797640681266785,0.013807429000735283,695.9969144460028,0.15648508461490657,1.9262899160385132
parcel_1777662581023_xa3jy,train,intensif,1,33.253440495313846,1047.9051513671875,490.75103759765625,1580.5233154296875,695.3788452148438,2117.943603515625,1078.31982421875,3451.578369140625,751.8524780273438,3956.795166015625,1279.10888671875,0.28574448823928833,0.1483161896467209,0.12781301140785217,0.4289604425430298,-0.3988465368747711,0.09837964922189713,-0.49256467819213867,-0.3036375343799591,-0.052740469574928284,0.07312936335802078,-0.12217146903276443,0.014156574383378029,621.4490019741172,0.1596082662159294,1.9290491342544556
parcel_1777662650200_lx0g1,train,intensif,1,402.06179939179646,1290.9775390625,522.654296875,1924.33642578125,730.161865234375,2671.54248046875,1113.4288330078125,3985.91796875,663.2486572265625,4582.5927734375,1247.90576171875,0.23249788582324982,0.15626981854438782,0.10204081982374191,0.38236838579177856,-0.37102654576301575,0.1156882494688034,-0.4853413701057434,-0.27423474192619324,-0.05539107322692871,0.09470803290605545,-0.12962305545806885,0.020268043503165245,243.37049132947982,0.17044011681775958,1.748911738395691
parcel_1777662674673_x7v1z,train,intensif,1,177.95771135487206,1005.9503173828125,364.7375183105469,1525.3553466796875,514.2413330078125,2047.985107421875,886.1262817382812,3624.765380859375,368.9476013183594,3909.357177734375,1132.17236328125,0.31379809975624084,0.20210528373718262,0.13309744000434875,0.43723320960998535,-0.42335763573646545,0.12946350872516632,-0.5036776661872864,-0.31177037954330444,-0.01616886630654335,0.14181630313396454,-0.12703697383403778,0.06573401391506195,248.82659774436092,0.15614067334755408,2.4455058574676514
parcel_1777662687780_8zuuk,train,intensif,1,32.665823337753025,1130.8533935546875,343.0274658203125,1725.7122802734375,495.2206115722656,2395.641357421875,864.5016479492188,3881.40673828125,395.3260803222656,4318.763671875,987.3544311523438,0.26189541816711426,0.158413827419281,0.12914930284023285,0.4036615788936615,-0.3959709107875824,0.10374028980731964,-0.48945555090904236,-0.3144758939743042,-0.04138953238725662,0.10072938352823257,-0.11336057633161545,0.03247082605957985,294.02246464646464,0.14459833918073578,1.8767777681350708
parcel_1777662715410_fr6g1,train,intensif,1,128.78852899505316,1150.961669921875,392.4491882324219,1726.7711181640625,579.6050415039062,2407.720703125,938.9171142578125,3653.524658203125,540.1865844726562,4362.990234375,1116.398193359375,0.24083729088306427,0.16770793497562408,0.11139610409736633,0.3436734676361084,-0.3772120475769043,0.1146635115146637,-0.4610305726528168,-0.28437748551368713,-0.07380139827728271,0.09509190171957016,-0.14730435609817505,-0.015169315971434116,299.1733385661957,0.1828261621424228,1.8176229000091553
parcel_1777662875975_5jz1b,val,intensif,1,105.91107426235152,1895.10498046875,138.13037109375,2888.799072265625,211.4361572265625,4297.572265625,350.7854919433594,5135.53955078125,353.77825927734375,6475.11328125,299.4734802246094,0.0892922580242157,0.014729305170476437,0.08088235557079315,0.09094718843698502,-0.2800135612487793,0.01808008924126625,-0.28615641593933105,-0.26953232288360596,-0.11602254211902618,0.01825375109910965,-0.12551259994506836,-0.10429570823907852,449.565899832255,0.11709885501958436,1.196687936782837
parcel_1777662889381_5q9ie,val,intensif,1,16.810050217460006,1768.149169921875,189.61083984375,2685.945556640625,283.75457763671875,3985.531494140625,457.30841064453125,4872.583984375,466.9023742675781,6147.6826171875,436.6923828125,0.10095153748989105,0.02962089516222477,0.08214139938354492,0.10266940295696259,-0.2893728017807007,0.027967851608991623,-0.294971764087677,-0.27076488733291626,-0.11670346558094025,0.029491202905774117,-0.13870297372341156,-0.10438039153814316,296.68536180800334,0.13814971479973437,1.2271281480789185
parcel_1777663020929_sz60j,val,intensif,1,13.15039699051966,1139.33203125,443.8178405761719,1777.6544189453125,668.0438842773438,2508.86669921875,1130.7554931640625,4206.94287109375,725.85498046875,4580.4189453125,1116.1513671875,0.2828788459300995,0.14544495940208435,0.11650241911411285,0.39438629150390625,-0.4212886393070221,0.09696170687675476,-0.4969131350517273,-0.3202647566795349,-0.03598405420780182,0.0947459414601326,-0.10421238094568253,0.03836749494075775,439.1920497500305,0.1365707857883049,1.9142582416534424
parcel_1777666827849_immef,train,intensif,1,615.6273959080931,1371.1107177734375,283.47735595703125,2016.1038818359375,390.8294372558594,2810.05810546875,530.7071533203125,3842.498779296875,560.662353515625,4895.1513671875,589.7316284179688,0.15750722587108612,0.06948196887969971,0.11173184216022491,0.19084399938583374,-0.3136317729949951,0.057668671011924744,-0.3501965403556824,-0.2742817997932434,-0.1220259815454483,0.07085859030485153,-0.1580166220664978,-0.08290954679250717,332.33731519177195,0.1318632421156825,1.4047561883926392
parcel_1777666990655_5k85g,test,intensif,1,84.43366113371383,982.6432495117188,293.7601013183594,1451.19677734375,384.4271240234375,1800.5595703125,530.2664184570312,3198.07958984375,405.7373352050781,3557.4833984375,720.5077514648438,0.29154565930366516,0.1242762953042984,0.1901143491268158,0.39534884691238403,-0.3827999234199524,0.09582272917032242,-0.4619029760360718,-0.31107577681541443,-0.046063683927059174,0.0933995470404625,-0.11195523291826248,0.026351897045969963,829.2092092092093,0.10955403526085879,1.9336249828338623
parcel_1777667140912_3xckb,train,intensif,1,294.60529504069433,2067.57275390625,610.2058715820312,2923.745849609375,692.010498046875,3959.53125,830.7615356445312,5200.76025390625,809.4911499023438,5737.66796875,697.9033203125,0.13998374342918396,0.05674013867974281,0.09609755873680115,0.17833857238292694,-0.2860373854637146,0.05576731637120247,-0.3171194791793823,-0.25342923402786255,-0.051146168261766434,0.07013583183288574,-0.11123726516962051,0.008514520712196827,373.07250296559914,0.13250810971283217,1.3365594148635864
parcel_1777667155941_ci6fx,train,intensif,1,46.166828108993165,1996.726318359375,565.1368408203125,2818.870849609375,666.9821166992188,3786.85205078125,846.7340087890625,5204.4833984375,657.9075927734375,5497.119140625,760.4210205078125,0.16538254916667938,0.08025606721639633,0.10012488067150116,0.2512263059616089,-0.3049141466617584,0.06995286792516708,-0.3682580292224884,-0.25155511498451233,-0.026140140369534492,0.07383780926465988,-0.09121191501617432,0.02841922454535961,498.02595182595184,0.10710977870502703,1.4203262329101562
parcel_1777667189888_bwda5,train,intensif,1,105.58105517579072,1964.932861328125,538.6277465820312,2811.832275390625,632.045654296875,3836.632080078125,795.40576171875,5064.5146484375,654.0081787109375,5674.88623046875,744.7362670898438,0.14395347237586975,0.07101840525865555,0.09039802849292755,0.2055530697107315,-0.2921757102012634,0.06337425112724304,-0.34375,-0.2504097819328308,-0.056158676743507385,0.07239685952663422,-0.11297376453876495,0.00021436663519125432,354.10309343434346,0.13903508798952305,1.3540490865707397
parcel_1777667281825_3deuj,train,intensif,1,72.88069155529948,725.5621948242188,318.29022216796875,1104.032958984375,406.54168701171875,1379.5380859375,607.3052368164062,3060.635498046875,464.04461669921875,3221.650390625,774.415771484375,0.39639753103256226,0.16892993450164795,0.24075540900230408,0.5263158082962036,-0.47895383834838867,0.11477826535701752,-0.5748599767684937,-0.37383610010147095,-0.018022648990154266,0.12023242563009262,-0.1174965351819992,0.0573527067899704,307.34922222222224,0.18343732517006556,2.6662323474884033
parcel_1777667302238_zjnhu,train,intensif,1,18.077181996645837,798.7210083007812,262.45257568359375,1185.8016357421875,341.9998779296875,1572.1334228515625,472.8368225097656,3017.910400390625,349.2396240234375,3460.2421875,591.4777221679688,0.326626718044281,0.12377718091011047,0.23101329803466797,0.3762373626232147,-0.4436895251274109,0.09574607014656067,-0.49656569957733154,-0.36856213212013245,-0.06415342539548874,0.08443640172481537,-0.12773245573043823,-0.022036533802747726,591.7794656888424,0.13543667314570668,2.0979201793670654
parcel_1777667330430_52762,train,intensif,1,45.633484593938114,778.8184204101562,305.5119323730469,1147.82861328125,401.205322265625,1507.3199462890625,584.0864868164062,2991.951904296875,386.27716064453125,3357.002685546875,734.2142333984375,0.3507672846317291,0.13256974518299103,0.2292107343673706,0.46336305141448975,-0.45862168073654175,0.10166693478822708,-0.5450907349586487,-0.3750380873680115,-0.04966338723897934,0.0825374647974968,-0.12387443333864212,0.01501505821943283,490.202785985648,0.1487685533500569,2.22340989112854
parcel_1777665966157_egeq5,val,extensif,0,94.92092846720377,1226.8843994140625,189.718994140625,1887.1944580078125,303.0065612792969,2620.435546875,437.3287048339844,3869.8037109375,472.64947509765625,5029.5283203125,406.2637023925781,0.19528114795684814,0.043378520756959915,0.16906455159187317,0.21436753869056702,-0.3462549149990082,0.03334057703614235,-0.36503708362579346,-0.3254733383655548,-0.13231584429740906,0.03899111971259117,-0.15685835480690002,-0.10818330198526382,820.8711419753085,0.07351000433796312,1.4950132369995117
parcel_1777666032243_cm5hf,train,extensif,0,2104.0940821600525,1386.3131103515625,172.27769470214844,2244.0400390625,258.6353759765625,3512.17724609375,450.99237060546875,4622.0458984375,433.2745056152344,5814.27685546875,460.5395202636719,0.13844247162342072,0.02963962033390999,0.1199474185705185,0.15146277844905853,-0.34690749645233154,0.031426168978214264,-0.36307206749916077,-0.3348127603530884,-0.11482590436935425,0.02772146835923195,-0.12530237436294556,-0.10249380767345428,1212.3099793080087,0.057903451450463696,1.324409008026123
parcel_1777666069829_t5ehp,train,extensif,0,2988.389915036504,1418.61572265625,180.0458984375,2271.061767578125,269.71685791015625,3519.0322265625,450.8308410644531,4633.77294921875,437.4486083984375,5848.1748046875,432.9383544921875,0.13861118257045746,0.02905379980802536,0.11973270028829575,0.15041813254356384,-0.342925488948822,0.02931348979473114,-0.36049801111221313,-0.32659733295440674,-0.11673599481582642,0.026884810999035835,-0.12882447242736816,-0.10244321078062057,977.0685401131075,0.06466454823499994,1.3247084617614746
parcel_1777666096636_lo0y0,val,extensif,0,369.5143302028536,1308.46923828125,168.7323760986328,1961.439208984375,318.1968688964844,2841.218505859375,518.189453125,3695.261962890625,620.80517578125,5236.49267578125,472.1851806640625,0.13190853595733643,0.022189373150467873,0.11799536645412445,0.14217956364154816,-0.30572986602783203,0.023916935548186302,-0.320089727640152,-0.28881803154945374,-0.17743149399757385,0.04849915951490402,-0.20750898122787476,-0.14246846735477448,652.5581484535292,0.08048149604872136,1.305559754371643
parcel_1777666127269_tb54q,train,extensif,0,555.0980749596731,1383.4698486328125,174.093505859375,2133.2646484375,285.6005859375,3157.075927734375,448.59661865234375,4139.119140625,469.5665588378906,5464.08056640625,463.68994140625,0.13652704656124115,0.028850575909018517,0.11726105213165283,0.14990513026714325,-0.32066941261291504,0.02920195274055004,-0.33758339285850525,-0.3034748435020447,-0.1392933577299118,0.033824458718299866,-0.15673568844795227,-0.11775147914886475,977.5063633990342,0.06644528771285713,1.3190258741378784
parcel_1777666170696_fk7cq,train,extensif,0,1807.1164396063298,1325.6104736328125,229.13243103027344,1980.846435546875,364.0664978027344,2851.2958984375,563.465087890625,3888.878662109375,631.767333984375,5100.20361328125,541.2959594726562,0.15730932354927063,0.029586104676127434,0.1379300355911255,0.17207355797290802,-0.32632115483283997,0.029360231012105942,-0.3448873460292816,-0.30955183506011963,-0.13871848583221436,0.042001888155937195,-0.15848147869110107,-0.11195597797632217,526.0019847328244,0.08868418430244362,1.3764598369598389
parcel_1777666196106_hhim9,train,extensif,0,189.6459480475336,1316.8104248046875,219.54103088378906,2065.03759765625,311.15374755859375,3080.7294921875,480.7063903808594,4236.40673828125,430.250244140625,5321.8154296875,448.1549377441406,0.16126707196235657,0.04060664400458336,0.13458435237407684,0.17876261472702026,-0.3467501699924469,0.03606921806931496,-0.36753034591674805,-0.3253498673439026,-0.11430276185274124,0.027063850313425064,-0.13100484013557434,-0.09924669563770294,1299.0012924546822,0.051539042630599004,1.3909329175949097
parcel_1777666217906_3lfgs,train,extensif,0,214.9880465862079,1317.3636474609375,211.91006469726562,2056.44970703125,332.8452453613281,3069.7802734375,512.523193359375,4179.978515625,520.7322998046875,5370.89794921875,458.4331970214844,0.15628083050251007,0.03451811149716377,0.13257525861263275,0.17510516941547394,-0.34237030148506165,0.03136925771832466,-0.3620097041130066,-0.3226793706417084,-0.1268528699874878,0.03136059269309044,-0.1419445127248764,-0.1072295606136322,1131.0752136452788,0.058741445200381104,1.3750331401824951
parcel_1777666232428_43q5u,train,extensif,0,117.86978313823562,1203.9473876953125,193.83987426757812,1907.478271484375,274.9619140625,2903.968994140625,392.1385498046875,4042.1708984375,383.1393737792969,5250.3759765625,314.39678955078125,0.1660033017396927,0.0297367163002491,0.1455884575843811,0.1831437647342682,-0.36074304580688477,0.030814694240689278,-0.3808121681213379,-0.34276825189590454,-0.13129834830760956,0.026625538244843483,-0.1477837860584259,-0.11402828991413116,1450.4565582754842,0.05120375936063955,1.4012502431869507
parcel_1777666247763_3i29v,train,extensif,0,58.115115913749065,1252.5372314453125,196.10447692871094,1962.9344482421875,299.7794494628906,2906.551025390625,476.505615234375,4090.611083984375,445.0350341796875,5150.40234375,413.0981140136719,0.17257463932037354,0.03933399170637131,0.1446111798286438,0.19639356434345245,-0.3534329831600189,0.03205966204404831,-0.373157799243927,-0.33310115337371826,-0.11598550528287888,0.02803039364516735,-0.13268902897834778,-0.09699689596891403,1110.3786796536797,0.06434749732877786,1.4228746891021729
parcel_1777666273477_7e680,train,extensif,0,54.66463616439917,1346.048828125,219.27760314941406,2079.91357421875,287.7000732421875,3032.48095703125,432.5301818847656,4234.451171875,374.63531494140625,5277.90380859375,387.4337463378906,0.16824977099895477,0.04615143686532974,0.14172670245170593,0.18315285444259644,-0.3429540991783142,0.03905448690056801,-0.3627549409866333,-0.32311829924583435,-0.11023183166980743,0.03359946981072426,-0.12962955236434937,-0.09440086781978607,1462.1260338983054,0.052345774945897455,1.413987636566162
parcel_1777666300643_1c2ue,train,extensif,0,49.28764309617389,1354.2896728515625,237.6075439453125,2056.882080078125,304.8580017089844,2980.33642578125,435.72662353515625,4119.47607421875,408.528076171875,5190.1728515625,379.5400695800781,0.16324695944786072,0.03551998734474182,0.14000526070594788,0.18065214157104492,-0.3359239399433136,0.03702235594391823,-0.35779231786727905,-0.31925803422927856,-0.116097591817379,0.030421365052461624,-0.13419048488140106,-0.09732425957918167,1295.5186761229315,0.055138080653040274,1.3947806358337402
parcel_1777666340373_juajr,train,extensif,0,303.20435155336753,1256.775146484375,157.2636260986328,1962.4644775390625,251.8521270751953,2996.0771484375,437.89617919921875,4071.659423828125,470.170166015625,5336.7822265625,445.0853271484375,0.15435443818569183,0.027100417762994766,0.13706167042255402,0.16686710715293884,-0.34982699155807495,0.030952824279665947,-0.3694264888763428,-0.33168813586235046,-0.13607895374298096,0.029253294691443443,-0.15006054937839508,-0.11716510355472565,1330.8456088271535,0.05334476496125151,1.3677421808242798
parcel_1777666373384_lm2rb,train,extensif,0,802.5649560894694,1256.493408203125,227.90228271484375,1907.41064453125,322.1997985839844,2839.01953125,536.3375854492188,3867.4306640625,607.10986328125,5118.90234375,596.63134765625,0.1563401222229004,0.030505763366818428,0.13725490868091583,0.172067791223526,-0.3393585979938507,0.0439259298145771,-0.3686481714248657,-0.3205537796020508,-0.14177057147026062,0.04997637867927551,-0.16333259642124176,-0.11623542755842209,823.058306293314,0.07028666299700485,1.3738657236099243
parcel_1777666392195_gp8ab,train,extensif,0,59.06211966714234,1302.794189453125,1185.318359375,2095.341552734375,1222.355224609375,3250.462890625,1282.6199951171875,4312.671875,1312.9036865234375,5639.65087890625,1336.8685302734375,0.14008265733718872,0.0240080114454031,0.12296418100595474,0.15445533394813538,-0.3428063988685608,0.030729515478014946,-0.36049142479896545,-0.3300943672657013,-0.13304992020130157,0.022773096337914467,-0.1481645256280899,-0.12015928328037262,2593.245096296296,0.044663894605222396,1.3280330896377563
parcel_1777666410382_4ozey,train,extensif,0,104.69984177156394,1263.1607666015625,130.81497192382812,2033.8746337890625,232.50511169433594,3173.607177734375,382.728515625,4260.052734375,389.0497741699219,5573.15576171875,301.9243469238281,0.14763672649860382,0.022403644397854805,0.1316620111465454,0.16192804276943207,-0.3545340895652771,0.020512202754616737,-0.3675554394721985,-0.34032273292541504,-0.1348896622657776,0.024336397647857666,-0.14931371808052063,-0.11747941374778748,1551.8693700433937,0.052285656743413844,1.3480634689331055
parcel_1777666449437_wci0q,train,extensif,0,253.9376947109025,1311.8487548828125,209.127197265625,2081.354736328125,282.92633056640625,3186.83984375,399.8138732910156,4283.74169921875,393.0330505371094,5524.60302734375,311.9669189453125,0.1485651135444641,0.025924930348992348,0.1298828125,0.16482359170913696,-0.34767967462539673,0.03163060173392296,-0.36784249544143677,-0.3311266303062439,-0.12780649960041046,0.02615220472216606,-0.14254406094551086,-0.11106757819652557,1704.033111507872,0.054425338080131155,1.3511991500854492
parcel_1777666485645_8qagw,train,extensif,0,990.7245079752144,1340.221435546875,173.5484161376953,2120.022705078125,321.2236328125,3279.98681640625,599.3777465820312,4362.01708984375,666.4684448242188,5624.11328125,535.1729736328125,0.14432217180728912,0.026496635749936104,0.12613430619239807,0.15669357776641846,-0.3452887237071991,0.027149086818099022,-0.36240503191947937,-0.32772400975227356,-0.1302565038204193,0.040268946439027786,-0.1470116525888443,-0.10360691696405411,521.5943696867959,0.07668552996124274,1.3397068977355957
parcel_1777666507054_wo1vk,train,extensif,0,778.7330248700009,1315.2745361328125,151.56143188476562,2110.36572265625,310.91455078125,3320.70166015625,614.9678955078125,4411.97021484375,673.5056762695312,5678.92529296875,547.2320556640625,0.14413702487945557,0.02969633974134922,0.12544170022010803,0.15512491762638092,-0.35190510749816895,0.028322305530309677,-0.3686479926109314,-0.3358169198036194,-0.12946389615535736,0.0422801673412323,-0.14076194167137146,-0.10416057705879211,584.1847172832574,0.07197118478888678,1.3399734497070312
parcel_1777666529889_rdkq2,train,extensif,0,1078.2700727821218,1374.9534912109375,169.04226684570312,2194.9638671875,279.3492431640625,3404.77392578125,517.0816040039062,4574.72021484375,500.2947692871094,5716.32958984375,487.4220275878906,0.14927572011947632,0.036309294402599335,0.12487992644309998,0.1644550859928131,-0.35194075107574463,0.031780682504177094,-0.37060415744781494,-0.33250367641448975,-0.11214971542358398,0.03302780166268349,-0.12706856429576874,-0.09498250484466553,740.722667346638,0.07119563829544442,1.3556327819824219
parcel_1777666572107_7pdad,train,extensif,0,1443.2951926499438,1445.6505126953125,166.725830078125,2323.058349609375,260.9544372558594,3605.51953125,468.75677490234375,4674.7734375,473.2322082519531,5892.06884765625,443.1705627441406,0.13082553446292877,0.026917677372694016,0.11309830844402313,0.14263565838336945,-0.3360915780067444,0.031001385301351547,-0.3554656505584717,-0.31922733783721924,-0.1164412721991539,0.028015006333589554,-0.12734736502170563,-0.10140188038349152,1052.7269340519974,0.06380584693240704,1.3033950328826904
parcel_1777666591451_o64cz,train,extensif,0,790.8698653056623,1357.8238525390625,194.69407653808594,2144.006103515625,300.4112854003906,3268.409912109375,529.9299926757812,4337.65087890625,502.1362609863281,5580.32421875,530.77587890625,0.14396820962429047,0.03676978871226311,0.12030890583992004,0.15461447834968567,-0.33946627378463745,0.03451275825500488,-0.360638290643692,-0.31574103236198425,-0.12621597945690155,0.03378424420952797,-0.14597642421722412,-0.10513587296009064,912.3578899056251,0.07434406952036873,1.3410253524780273
parcel_1777666608727_pm8wx,train,extensif,0,367.63711614930213,1239.3641357421875,2190.3544921875,2009.3131103515625,2254.444580078125,3114.18115234375,2371.956787109375,4171.7705078125,2427.6015625,5351.78271484375,2503.84765625,0.14421628415584564,0.049142986536026,0.11761949211359024,0.15583057701587677,-0.3356682062149048,0.043541088700294495,-0.3571881055831909,-0.3119608759880066,-0.12123597413301468,0.03490050882101059,-0.13759396970272064,-0.1029425784945488,572.1512246739909,0.07867894953941827,1.3485052585601807
